Last Name,First Name,Lic #,Expires,Issued,Standing
Craig,Ellen,207,6/30/2013,1/1/1979,good
Gorwoda,Julie,225,1/31/2014,8/20/1979,good
Holmes,Laurie,232,8/31/2013,12/1/1981,good
Sedler,Kay,233,8/31/2013,9/1/1980,good
Rode,Martha,239,8/31/2013,5/1/1981,good
Moore,Roberta,248,10/31/2013,1/1/1983,good
Heath-West,Elizabeth,254,11/30/2013,8/1/1993,good
Regan,Elaine,261,9/30/2014,1/1/1986,good
Shatar,Karen,265,8/31/2013,11/1/1985,good
Harshman,Anita,273,10/31/2013,6/1/1983,good
Castillo,Yvonne,278,4/30/2013,9/1/1987,good
Daniels,Susan Moore,285,9/30/2013,10/1/1992,good
Clark,Nancy,291,5/31/2012,6/1/1986,good
Malchow,Jeanne,292,3/31/2013,11/1/1995,good
Ahnael,Elyse,293,3/31/2013,3/1/1990,good
Tiryaki,Martha,301,6/30/2013,8/1/1990,good
Ryan,Dympna,303,2/28/2013,4/1/1991,good
Stetson,Victoria,308,10/31/2013,6/1/1991,good
Snyder,Elena (Helen),310,2/28/2013,3/1/1992,good
Maestas,Amelia,312,2/28/2013,11/25/1991,good
Leeman,Rebecca,313,9/30/2013,4/1/1992,good
Ansell,Carolyn,318,1/31/2013,6/1/1987,good
Arkin,Anne,321,1/31/2013,12/8/1992,good
Chern-Hughes,Betty,322,5/31/2013,1/11/2005,good
VanCott,Christene,323,12/31/2013,12/1/1992,good
Jurow,Heather,325,10/31/2012,3/31/2010,good
Benenson,Deborah,327,4/30/2013,5/1/1993,good
Beach,Dorothy,331,1/31/2013,12/1/1993,good
Stamler,Gail,333,2/28/2013,1/1/1994,good
Caspary-Schmidt,Terri,334,6/30/2013,12/1/1993,good
Simon,Kathleen,338,3/31/2013,4/20/1994,good
Johnson,Linda,350,9/30/2013,9/1/1994,good
Overman,Barbara,356,1/31/2013,10/1/1994,good
Brightwater,Elaine,364,8/31/2012,2/1/1995,good
Crabbe,Deborah,366,8/31/2013,5/1/1995,good
Ogle,Mary,369,8/31/2013,7/1/1995,good
Phillips,Cate,370,8/31/2013,7/1/1995,good
Van Asselt-King,Linda,372,4/30/2013,8/1/1998,good
Spurlock,Deborah,374,10/31/2013,8/1/1995,good
Cox,Kimberly Ann,377,9/30/2013,11/1/1995,good
Stalls,Suzanne,378,10/31/2013,11/1/1995,good
Bensch,Tambra,386,2/28/2013,7/1/1996,good
Ginn,Amy,388,1/31/2013,11/1/1998,good
Ostrem,Kristen,391,11/30/2012,12/30/2002,good
Miller,Nancy,392,3/31/2013,3/9/2000,good
Mosier,Donna,397,8/31/2013,2/1/1997,good
England,Suzanne,399,5/31/2013,5/1/1997,good
Mancini,Felicia,400,10/31/2013,6/24/1997,good
Cook,Jeanette,404,4/30/2013,8/1/1997,good
Jones,Rebecca,406,5/31/2013,8/14/1997,good
Walton,Mary Louise,409,9/30/2013,9/1/1997,good
Bateman,Donna,413,3/31/2014,3/12/1998,good
Durand,Rachel,414,12/31/2013,4/20/2000,good
Garden,Irene,415,3/31/2013,5/1/1998,good
Willis,Starla,417,2/28/2013,4/1/1998,good
Migliaccio,Laura,418,8/31/2013,5/1/1998,good
Mahoney,Sheila,419,1/31/2013,6/1/1998,good
Bishop,Lisa,421,6/30/2012,6/15/1998,good
Hill,Deborah,423,10/31/2013,8/1/1998,good
Wofford,Mary,424,8/31/2013,8/1/1998,good
Blaisdell,Shawn,425,4/30/2013,8/1/1998,good
Autrey,Kathryn,427,8/31/2013,9/1/1998,good
Hobbs,Lisa,429,8/31/2012,9/1/1998,good
Manocchio,Regina,430,8/31/2012,9/1/1998,good
Onuska,Margaret,432,2/28/2013,9/1/1998,good
Withnall,Elizabeth,433,2/28/2014,11/23/1998,good
Tarrant,Elizabeth,437,3/31/2013,2/1/1999,good
Friedman,Linda,440,4/30/2013,3/20/1999,good
Simon,Susan,441,10/31/2013,4/20/1999,good
Merecki,Sharon,442,4/30/2013,4/20/2001,good
Downey,Maj Liz,443,5/31/2013,5/1/1999,good
Colton,Mary,444,5/31/2013,5/1/1999,good
Benns-Elsisie,Patricia,447,11/30/2013,8/1/1999,good
Walsh,Cristy,448,2/28/2013,8/1/1999,good
Nalda-Lyons,Janet,449,8/31/2013,9/15/1999,good
Lawton,Robyn,451,6/30/2013,9/15/1999,good
Forlines,Mary,457,6/30/2013,3/9/2000,good
Murphy,Susan,459,3/31/2014,7/19/2000,good
Hardt,Janet,461,1/31/2013,8/23/2000,good
Lovett,Karen,462,5/31/2013,8/23/2000,good
McKenna,Saundra,466,10/31/2012,10/27/2000,good
Franklin,Kathleen,467,9/30/2013,1/9/2001,good
Pino,Michelle Lynet,472,1/31/2013,8/7/2001,good
Rothfork,Gail,474,7/31/2012,8/24/2001,good
Doubrava,Margaret,475,8/31/2013,8/31/2001,good
Payne,Patricia,477,8/31/2013,9/21/2001,good
Schlinger,Hilary,480,6/30/2012,3/25/2002,good
Rabon,Amy,483,2/28/2014,8/22/2002,good
Lubera,Cristi,484,3/31/2014,9/17/2002,good
Gallagher,Kelly,485,9/30/2012,9/17/2002,good
Baca,Eunice,487,7/31/2012,10/1/2002,good
Kinnison,Ardenella,489,5/31/2012,11/15/2002,good
Clarke,Barbara,490,10/31/2012,10/15/2002,good
Zimmerman,Karen,491,9/30/2013,1/3/2003,good
Roop,Janna,492,3/31/2014,1/7/2003,good
Smith,Terry,496,6/30/2013,7/8/2003,good
McNamara,Stephanie,497,7/31/2013,7/29/2003,good
Taylor,Lisa,498,11/30/2013,8/25/2003,good
Eaves,Abigail,499,7/31/2012,8/25/2003,good
Cox,Rhonda,500,7/31/2013,8/25/2003,good
Garrett,Loretta,501,1/31/2013,9/19/2003,good
Allee,Lisa,502,9/30/2013,9/25/2003,good
Rosen,Patricia,504,8/31/2013,9/25/2003,good
Kaggerud,Wendy,505,8/31/2013,10/17/2003,good
Williams,Jennifer,510,4/30/2013,12/10/2003,good
Lucas,Kathryn,513,10/31/2012,12/18/2003,good
Neikirk,Brenda,517,8/13/2013,7/29/2004,good
Kimmelman,Wendy,519,2/28/2014,8/27/2004,good
Inglis,Carole,523,10/31/2012,12/7/2004,good
Nezar,Diane,525,9/30/2012,2/1/2005,good
Ewing,Carol,527,9/30/2013,3/18/2005,good
Brannin,Nancy Louise,528,3/31/2013,4/28/2005,good
Borders,Aleda Noelle,531,8/31/2013,7/18/2005,good
Loshbaugh,Jenny,533,2/28/2013,8/25/2005,good
Galindo,Chance,534,9/30/2012,8/17/2005,good
Yim,Yeni,535,3/31/2014,10/11/2005,good
Panter,Virginia,536,9/30/2013,10/24/2005,good
Bettler,Claire,537,4/30/2013,11/15/2005,good
Dodson,Callie,540,12/31/2013,3/24/2006,good
Gillispie,Laura Ann,541,9/30/2013,6/12/2006,good
Zloto,Janis,543,11/30/2013,7/7/2006,good
Carner,Wreatha,544,8/31/2013,7/7/2006,good
MacLeod,Laurie,545,1/31/2014,7/11/2006,good
Maxwell,Kathie Sue,547,5/31/2013,9/11/2006,good
Montiel,Maria Andrea,548,8/31/2012,9/11/2006,good
Garza,Kathleen,549,9/30/2012,9/19/2006,good
Oser,Maren,552,10/31/2012,11/29/2006,good
La Rose,Helen,554,8/31/2013,1/16/2007,good
Zink,Heidi,555,9/30/2013,4/29/2009,good
Ortiz,Felina,558,5/31/2013,6/6/2007,good
Tellez,Jill,561,4/30/2013,7/17/2007,good
Trujillo,Connie J.,562,9/30/2013,7/27/2007,good
Simon,Nina,563,7/31/2013,7/31/2007,good
Ellard,Margot Libby,564,10/31/2012,8/2/2007,good
Forzani,Karen,565,11/30/2013,12/6/2007,good
White,Jennifer Lynn,566,11/30/2013,12/11/2007,good
Akins,Susan Marie,568,1/31/2014,1/14/2008,good
Johnston,Dianne,569,4/30/2012,3/21/2008,good
Duran,Candace,570,4/30/2014,4/16/2008,good
Thompson,Shirley,572,9/30/2012,5/16/2008,good
Redondo-Cladera,Maria Teresa,573,8/31/2012,6/24/2008,good
Hoelter,Danielle,574,7/31/2013,7/7/2008,good
Nardini,Katrina  A.,576,6/30/2012,7/18/2008,good
Yanke,Melanie J.,577,6/30/2012,7/25/2008,good
Prairie,Kim R.,578,7/31/2013,8/26/2008,good
Burke,Delina J.,579,10/31/2012,10/20/2008,good
Ruge,Ann B.,581,10/31/2012,11/12/2008,good
Sneathen,Dawn M.,582,12/31/2012,11/12/2008,good
Burkett,Jaqueline J.,584,6/30/2012,1/30/2009,good
Stuart,Christine,585,10/31/2013,2/11/2009,good
Miller,Anne H.,586,4/20/2013,3/2/2009,good
Reese,Abigail L.,587,3/31/2013,3/24/2009,good
McCosh,Shauna,588,3/31/2014,5/4/2009,good
Swift,Kimberly,589,8/31/2013,6/8/2009,good
Riffel,Jennifer,590,4/30/2012,6/11/2009,good
Ross,Mary,591,4/30/2013,6/24/2009,good
Bach,Jennifer M.,592,5/31/2013,7/20/2009,good
Shepherd,Brenda K.,593,6/30/2012,8/3/2009,good
Felix,Michelle,595,12/31/2013,12/28/2009,good
Zeer,Jennifer,597,11/30/2012,1/25/2010,good
Artiglia,Lauren,598,5/31/2012,3/31/2010,good
Lux,Cosima,599,6/30/2012,5/10/2010,good
Waugh,Mona Rae,600,5/31/2012,5/10/2010,good
Hunter,Christine A.,601,3/31/2014,5/24/2010,good
Hannah,Naomi,602,8/31/2012,7/6/2010,good
Maxon,Trisha J.,603,8/31/2012,7/6/2010,good
Nolan,Alexis L.,604,5/31/2012,7/6/2010,good
Quick,Paula D.,605,11/30/2012,8/2/2010,good
Reid,Candace J.,606,4/30/2014,8/2/2010,good
Heinz,Patricia A.,607,1/31/2013,8/12/2010,good
Ho,Thanh-Tam,608,4/30/2012,8/23/2010,good
Porter,Ping J.,610,7/31/2012,9/30/2010,good
Robinson,Jennifer,611,9/30/2012,10/20/2010,good
McElroy,Diane,612,10/31/2012,11/15/2010,good
St. Aubin,Amanda,613,1/31/2013,1/26/2011,good
Willie,Teresa C.,614,3/31/2014,1/26/2011,good
Cox,Kim J.,615,1/31/2013,2/15/2011,good
Pitlock,Cindy,616,2/28/2013,2/25/2011,good
Griego-Marsh,Aristotle,617,3/31/2014,3/11/2011,good
Whittngton,Sarah,618,3/31/2013,3/29/2011,good
Sanchez,Dorothy,619,8/31/2013,4/7/2011,good
Mattke,Lisa,620,4/30/2013,4/28/2011,good
Koski-Vogt,Mary Megan,621,5/31/2013,6/21/2011,good
Long,Dawn,622,3/30/2013,6/29/2011,good
Henningsen-Sch,Kristin S.,623,7/31/2013,7/8/2011,good
Metz,Patricia,624,8/31/2013,7/27/2011,good
Gonzales,Nicolle L,625,7/31/2013,7/27/2011,good
McCluskey,Sarah,626,2/28/2014,7/27/2011,good
Littles,Tamara,627,7/31/2012,7/27/2011,good
Apodaca,Larissa,628,3/31/2013,8/18/2011,good
Carlson,Julie,629,9/30/2013,10/24/2011,good
Smith,Diana L.,630,1/31/2013,12/9/2011,good
Powers,Madeline,631,11/30/2013,12/9/2011,good
Middlemiss,Nancy,632,9/30/2012,12/27/2011,good
Bonney,Cynthia,633,12/31/2013,1/19/2012,good
Block-Wieser,Lisa,634,6/30/2013,3/1/2012,good
Stryker,Anna,635,11/30/2013,3/1/212,good
Ahnael,Elyse,293,3/31/2013,3/1/1990,good
Akins,Susan Marie,568,1/31/2014,1/14/2008,good
Allee,Lisa,502,9/30/2013,9/25/2003,good
Ansell,Carolyn,318,1/31/2013,6/1/1987,good
Apodaca,Larissa,628,3/31/2013,8/18/2011,good
Arkin,Anne,321,1/31/2013,12/8/1992,good
Artiglia,Lauren,598,5/31/2012,3/31/2010,good
Autrey,Kathryn,427,8/31/2013,9/1/1998,good
Baca,Eunice,487,7/31/2012,10/1/2002,good
Bach,Jennifer M.,592,5/31/2013,7/20/2009,good
Bateman,Donna,413,3/31/2012,3/12/1998,good
Beach,Dorothy,331,1/31/2013,12/1/1993,good
Benenson,Deborah,327,4/30/2013,5/1/1993,good
Benns-Elsisie,Patricia,447,11/30/2013,8/1/1999,good
Bensch,Tambra,386,2/28/2013,7/1/1996,good
Bettler,Claire,537,4/30/2013,11/15/2005,good
Bishop,Lisa,421,6/30/2012,6/15/1998,good
Blaisdell,Shawn,425,4/30/2013,8/1/1998,good
Borders,Aleda Noelle,531,8/31/2013,7/18/2005,good
Brannin,Nancy Louise,528,3/31/2013,4/28/2005,good
Brightwater,Elaine,364,8/31/2012,2/1/1995,good
Burke,Delina J.,579,10/31/2012,10/20/2008,good
Burkett,Jaqueline J.,584,6/30/2012,1/30/2009,good
Carlson,Julie,629,9/30/2013,10/24/2011,good
Carner,Wreatha,544,3/31/2013,7/7/2006,good
Caspary-Schmidt,Terri,334,6/30/2013,12/1/1993,good
Castillo,Yvonne,278,4/30/2013,9/1/1987,good
Chern-Hughes,Betty,322,5/31/2013,1/11/2005,good
Clark,Nancy,291,5/31/2012,6/1/1986,good
Clarke,Barbara,490,10/31/2012,10/15/2002,good
Colton,Mary,444,5/31/2013,5/1/1999,good
Cook,Jeanette,404,4/30/2013,8/1/1997,good
Cox,Kim J.,615,1/31/2013,2/15/2011,good
Cox,Rhonda,500,7/31/2013,8/25/2003,good
Cox,Kimberly Ann,377,9/30/2013,11/1/1995,good
Crabbe,Deborah,366,8/31/2013,5/1/1995,good
Craig,Ellen,207,6/30/2013,1/1/1979,good
Daniels,Susan Moore,285,9/30/2013,10/1/1992,good
Dodson,Callie,540,12/31/2013,3/24/2006,good
Doubrava,Margaret,475,8/31/2013,8/31/2001,good
Downey,Maj Liz,443,5/31/2013,5/1/1999,good
Duran,Candace,570,4/30/2012,4/16/2008,good
Eaves,Abigail,499,7/31/2012,8/25/2003,good
Ellard,Margot Libby,564,10/31/2012,8/2/2007,good
England,Suzanne,399,5/31/2013,5/1/1997,good
Ewing,Carol,527,9/30/2013,3/18/2005,good
Felix,Michelle,595,12/31/2013,12/28/2009,good
Forlines,Mary,457,6/30/2013,3/9/2000,good
Forzani,Karen,565,11/30/2013,12/6/2007,good
Franklin,Kathleen,467,9/30/2012,1/9/2001,good
Friedman,Linda,440,4/30/2013,3/20/1999,good
Galindo,Chance,534,9/30/2012,8/17/2005,good
Gallagher,Kelly,485,9/30/2012,9/17/2002,good
Garden,Irene,415,3/31/2013,5/1/1998,good
Garrett,Loretta,501,1/31/2013,9/19/2003,good
Garza,Kathleen,549,9/30/2012,9/19/2006,good
Gillispie,Laura Ann,541,9/30/2013,6/12/2006,good
Ginn,Amy,388,1/31/2013,11/1/1998,good
Gonzales,Nicolle L,625,7/31/2013,7/27/2011,good
Gorwoda,Julie,225,1/31/2012,8/20/1979,good
Griego-Marsh,Aristotle,617,3/31/2012,3/11/2011,good
Hannah,Naomi,602,8/31/2012,7/6/2010,good
Hardt,Janet,461,1/31/2013,8/23/2000,good
Harshman,Anita,273,10/31/2013,6/1/1983,good
Heath-West,Elizabeth,254,11/30/2013,8/1/1993,good
Heinz,Patricia A.,607,1/31/2013,8/12/2010,good
Henningsen-Sch,Kristin S.,623,7/31/2013,7/8/2011,good
Hill,Deborah,423,10/31/2013,8/1/1998,good
Ho,Thanh-Tam,608,4/30/2012,8/23/2010,good
Hobbs,Lisa,429,8/31/2012,9/1/1998,good
Hoelter,Danielle,574,7/31/2013,7/7/2008,good
Holmes,Laurie,232,8/31/2013,12/1/1981,good
Hunter,Christine A.,601,3/31/2012,5/24/2010,good
Inglis,Carole,523,10/31/2012,12/7/2004,good
Johnson,Linda,350,9/30/2013,9/1/1994,good
Johnston,Dianne,569,4/30/2012,3/21/2008,good
Jones,Rebecca,406,5/31/2013,8/14/1997,good
Jurow,Heather,325,10/31/2012,3/31/2010,good
Kaggerud,Wendy,505,8/31/2013,10/17/2003,good
Kimmelman,Wendy,519,2/29/2012,8/27/2004,good
Kinnison,Ardenella,489,5/31/2012,11/15/2002,good
Koski-Vogt,Mary Megan,621,5/31/2013,6/21/2011,good
La Rose,Helen,554,8/31/2013,1/16/2007,good
Lawton,Robyn,451,6/30/2013,9/15/1999,good
Littles,Tamara,627,7/31/2012,7/27/2011,good
Long,Dawn,622,3/30/2013,6/29/2011,good
Loshbaugh,Jenny,533,2/28/2013,8/25/2005,good
Lovett,Karen,462,5/31/2013,8/23/2000,good
Lubera,Cristi,484,3/31/2012,9/17/2002,good
Lucas,Kathryn,513,10/31/2012,12/18/2003,good
Lux,Cosima,599,6/30/2012,5/10/2010,good
MacLeod,Laurie,545,1/31/2014,7/11/2006,good
Maestas,Amelia,312,2/28/2013,11/25/1991,good
Mahoney,Sheila,419,1/31/2013,6/1/1998,good
Malchow,Jeanne,292,3/31/2013,11/1/1995,good
Mancini,Felicia,400,10/31/2013,6/24/1997,good
Mann,Julie L.,609,3/31/2012,8/27/2010,good
Manocchio,Regina,430,8/31/2012,9/1/1998,good
Mattke,Lisa,620,4/30/2013,4/28/2011,good
Maxon,Trisha J.,603,8/31/2012,7/6/2010,good
Maxwell,Kathie Sue,547,5/31/2013,9/11/2006,good
McCluskey,Sarah,626,2/29/2012,7/27/2011,good
McCosh,Shauna,588,12/31/2012,5/4/2009,good
McElroy,Diane,612,10/31/2012,11/15/2010,good
McKenna,Saundra,466,10/31/2012,10/27/2000,good
McNamara,Stephanie,497,7/31/2013,7/29/2003,good
Merecki,Sharon,442,4/30/2013,4/20/2001,good
Metz,Patricia,624,8/31/2013,7/27/2011,good
Middlemiss,Nancy,632,9/30/2012,12/27/2011,good
Migliaccio,Laura,418,8/31/2013,5/1/1998,good
Miller,Anne H.,586,4/20/2013,3/2/2009,good
Miller,Nancy,392,3/31/2013,3/9/2000,good
Montiel,Maria Andrea,548,8/31/2012,9/11/2006,good
Moore,Roberta,248,10/31/2013,1/1/1983,good
Mosier,Donna,397,8/31/2013,2/1/1997,good
Murphy,Susan,459,3/31/2012,7/19/2000,good
Nalda-Lyons,Janet,449,8/31/2013,9/15/1999,good
Nardini,Katrina  A.,576,6/30/2012,7/18/2008,good
Neikirk,Brenda,517,8/13/2013,7/29/2004,good
Nezar,Diane,525,9/30/2012,2/1/2005,good
Nolan,Alexis L.,604,5/31/2012,7/6/2010,good
Ogle,Mary,369,8/31/2013,7/1/1995,good
Onuska,Margaret,432,2/28/2013,9/1/1998,good
Ortiz,Felina,558,5/31/2013,6/6/2007,good
Oser,Maren,552,10/31/2012,11/29/2006,good
Ostrem,Kristen,391,11/30/2012,12/30/2002,good
Panter,Virginia,536,9/30/2013,10/24/2005,good
Payne,Patricia,477,8/31/2013,9/21/2001,good
Phillips,Cate,370,8/31/2013,7/1/1995,good
Pino,Michelle Lynet,472,1/31/2013,8/7/2001,good
Pitlock,Cindy,616,2/28/2013,2/25/2011,good
Porter,Ping J.,610,7/31/2012,9/30/2010,good
Powers,Madeline,631,11/30/2013,12/9/2011,good
Prairie,Kim R.,578,7/31/2013,8/26/2008,good
Quick,Paula D.,605,11/30/2012,8/2/2010,good
Rabon,Amy,483,2/28/2014,8/22/2002,good
Redondo-Cladera,Maria Teresa,573,8/31/2012,6/24/2008,good
Reese,Abigail L.,587,3/31/2013,3/24/2009,good
Regan,Elaine,261,3/31/2012,1/1/1986,good
Reid,Candace J.,606,4/30/2012,8/2/2010,good
Riffel,Jennifer,590,4/30/2012,6/11/2009,good
Robinson,Jennifer,611,9/30/2012,10/20/2010,good
Rode,Martha,239,8/31/2013,5/1/1981,good
Roop,Janna,492,3/31/2012,1/7/2003,good
Rosen,Patricia,504,8/31/2013,9/25/2003,good
Ross,Mary,591,4/30/2013,6/24/2009,good
Rothfork,Gail,474,7/31/2012,8/24/2001,good
Ruge,Ann B.,581,10/31/2012,11/12/2008,good
Ryan,Dympna,303,2/28/2013,4/1/1991,good
Sanchez,Dorothy,619,8/31/2013,4/7/2011,good
Schlinger,Hilary,480,6/30/2012,3/25/2002,good
Sedler,Kay,233,8/31/2013,9/1/1980,good
Shatar,Karen,265,8/31/2013,11/1/1985,good
Shepherd,Brenda K.,593,6/30/2012,8/3/2009,good
Simon,Nina,563,7/31/2013,7/31/2007,good
Simon,Susan,441,10/31/2013,4/20/1999,good
Simon,Kathleen,338,3/31/2013,4/20/1994,good
Smith,Terry,496,6/30/2013,7/8/2003,good
Smith,Diana L.,630,1/31/2013,12/9/2011,good
Sneathen,Dawn M.,582,12/31/2012,11/12/2008,good
Snyder,Elena (Helen),310,2/28/2013,3/1/1992,good
Spurlock,Deborah,374,10/31/2013,8/1/1995,good
St. Aubin,Amanda,613,1/31/2013,1/26/2011,good
Stalls,Suzanne,378,10/31/2013,11/1/1995,good
Stamler,Gail,333,2/28/2013,1/1/1994,good
Stetson,Victoria,308,10/31/2013,6/1/1991,good
Stuart,Christine,585,10/31/2013,2/11/2009,good
Swift,Kimberly,589,8/31/2013,6/8/2009,good
Taylor,Lisa,498,11/30/2013,8/25/2003,good
Tellez,Jill,561,4/30/2013,7/17/2007,good
Thompson,Shirley,572,9/30/2012,5/16/2008,good
Tiryaki,Martha,301,6/30/2013,8/1/1990,good
Trujillo,Connie J.,562,9/30/2013,7/27/2007,good
Van Asselt-King,Linda,372,4/30/2013,8/1/1998,good
VanCott,Christene,323,1/31/2013,12/1/1992,good
Walsh,Cristy,448,1/31/2013,8/1/1999,good
Walton,Mary Louise,409,9/30/2013,9/1/1997,good
Waugh,Mona Rae,600,5/31/2012,5/10/2010,good
White,Jennifer Lynn,566,11/30/2013,12/11/2007,good
Whittngton,Sarah,618,3/31/2013,3/29/2011,good
Williams,Jennifer,510,4/30/2013,12/10/2003,good
Willie,Teresa C.,614,3/31/2012,1/26/2011,good
Willis,Starla,417,2/28/2013,4/1/1998,good
Withnall,Elizabeth,433,2/29/2012,11/23/1998,good
Wofford,Mary,424,8/31/2013,8/1/1998,good
Yanke,Melanie J.,577,6/30/2012,7/25/2008,good
Yim,Yeni,535,3/31/2012,10/11/2005,good
Zeer,Jennifer,597,11/30/2012,1/25/2010,good
Zimmerman,Karen,491,9/30/2013,1/3/2003,good
